disease,orpha,genes,iso3,country,births_per_year,F_median,expected_births_p5,expected_births_median,expected_births_p95,per_100k_median,carrier_freq_median,consanguinity_share,papers,open_trials,attention_ratio,method_version
PKU / PAH deficiency,716,PAH,TUN,Tunisia,165100,0.01414,52.71,65.00,79.66,39.369,0.027803,0.504,12,0,2.6299,0.2.0
PKU / PAH deficiency,716,PAH,MAR,Morocco,630341,0.00811,156.58,195.62,243.04,31.034,0.027713,0.367,5,0,0.3641,0.2.0
PKU / PAH deficiency,716,PAH,DZA,Algeria,893539,0.00973,240.69,297.62,367.30,33.308,0.027730,0.411,2,0,0.0957,0.2.0
PKU / PAH deficiency,716,PAH,LBY,Libya,123029,0.02233,48.95,60.50,75.35,49.173,0.027156,0.623,1,0,0.2355,0.2.0
PKU / PAH deficiency,716,PAH,EGY,Egypt,2475625,0.01293,757.33,970.45,1226.80,39.200,0.028440,0.476,11,1,0.1615,0.2.0
PKU / PAH deficiency,716,PAH,SDN,Sudan,1704644,0.03041,554.12,662.54,791.21,38.867,0.019318,0.763,2,0,0.0430,0.2.0
PKU / PAH deficiency,716,PAH,SAU,Saudi Arabia,609879,0.02417,300.09,388.82,496.37,63.754,0.031569,0.607,15,0,0.5496,0.2.0
PKU / PAH deficiency,716,PAH,YEM,Yemen,1435309,0.02207,616.06,769.85,959.59,53.636,0.028986,0.606,2,0,0.0370,0.2.0
PKU / PAH deficiency,716,PAH,JOR,Jordan,235621,0.02096,103.45,137.26,178.52,58.256,0.031487,0.571,6,0,0.6227,0.2.0
PKU / PAH deficiency,716,PAH,IRQ,Iraq,1202791,0.02289,584.82,742.09,938.64,61.697,0.031489,0.594,4,0,0.0768,0.2.0
PKU / PAH deficiency,716,PAH,PAK,Pakistan,6996078,0.03236,1720.73,1867.52,2025.73,26.694,0.013600,0.830,6,0,0.0458,0.2.0
PKU / PAH deficiency,716,PAH,IRN,Iran,1161783,0.01911,402.92,476.92,567.57,41.051,0.025501,0.601,77,0,2.2999,0.2.0
PKU / PAH deficiency,716,PAH,TUR,Turkey,944664,0.01182,300.72,336.91,381.51,35.664,0.027495,0.462,84,0,3.5517,0.2.0
PKU / PAH deficiency,716,PAH,IND,India,23394035,0.00385,1509.78,1711.75,1933.37,7.317,0.013603,0.361,28,0,0.2330,0.2.0
PKU / PAH deficiency,716,PAH,FRA,France,666587,0.00025,103.56,106.81,110.18,16.023,0.024757,0.020,65,5,8.6694,0.2.0
PKU / PAH deficiency,716,PAH,DEU,Germany,676279,0.00025,105.11,108.39,111.76,16.027,0.024754,0.020,102,3,13.4061,0.2.0
PKU / PAH deficiency,716,PAH,GBR,United Kingdom,687365,0.00024,95.29,98.22,101.26,14.290,0.023382,0.020,61,5,8.8467,0.2.0
PKU / PAH deficiency,716,PAH,USA,United States,3622919,0.00025,377.25,391.38,406.29,10.803,0.020324,0.024,176,16,6.4060,0.2.0
Cystic fibrosis,586,CFTR,TUN,Tunisia,165100,0.01414,33.14,40.13,48.88,24.305,0.019984,0.586,26,0,1.8447,0.2.0
Cystic fibrosis,586,CFTR,MAR,Morocco,630341,0.00811,95.62,115.72,140.75,18.359,0.020024,0.446,8,0,0.1968,0.2.0
Cystic fibrosis,586,CFTR,DZA,Algeria,893539,0.00973,148.03,178.47,217.00,19.973,0.020030,0.492,9,0,0.1436,0.2.0
Cystic fibrosis,586,CFTR,LBY,Libya,123029,0.02233,26.93,33.61,42.27,27.321,0.017503,0.720,4,0,0.3388,0.2.0
Cystic fibrosis,586,CFTR,EGY,Egypt,2475625,0.01293,369.90,475.18,608.44,19.194,0.017507,0.597,26,7,0.1558,0.2.0
Cystic fibrosis,586,CFTR,SDN,Sudan,1704644,0.03041,427.00,496.36,581.75,29.118,0.015268,0.803,5,0,0.0287,0.2.0
Cystic fibrosis,586,CFTR,SAU,Saudi Arabia,609879,0.02417,103.01,143.38,198.58,23.509,0.014890,0.767,56,0,1.1120,0.2.0
Cystic fibrosis,586,CFTR,YEM,Yemen,1435309,0.02207,243.25,321.08,420.43,22.370,0.015047,0.749,1,0,0.0089,0.2.0
Cystic fibrosis,586,CFTR,JOR,Jordan,235621,0.02096,34.57,49.93,70.60,21.189,0.014941,0.739,21,1,1.1975,0.2.0
Cystic fibrosis,586,CFTR,IRQ,Iraq,1202791,0.02289,201.00,274.41,370.02,22.814,0.014975,0.756,7,0,0.0726,0.2.0
Cystic fibrosis,586,CFTR,PAK,Pakistan,6996078,0.03236,2191.81,2362.58,2556.44,33.770,0.016582,0.800,33,4,0.0398,0.2.0
Cystic fibrosis,586,CFTR,IRN,Iran,1161783,0.01911,252.59,294.08,346.68,25.313,0.017928,0.683,116,0,1.1230,0.2.0
Cystic fibrosis,586,CFTR,TUR,Turkey,944664,0.01182,358.41,384.60,417.01,40.713,0.029900,0.440,145,2,1.0733,0.2.0
Cystic fibrosis,586,CFTR,IND,India,23394035,0.00385,2120.19,2385.94,2670.93,10.199,0.016584,0.316,200,0,0.2386,0.2.0
Cystic fibrosis,586,CFTR,FRA,France,666587,0.00025,272.18,278.20,284.75,41.734,0.039782,0.012,638,22,6.5291,0.2.0
Cystic fibrosis,586,CFTR,DEU,Germany,676279,0.00025,275.88,282.15,289.04,41.721,0.039780,0.012,380,7,3.8342,0.2.0
Cystic fibrosis,586,CFTR,GBR,United Kingdom,687365,0.00024,247.84,253.73,259.78,36.913,0.037455,0.013,250,14,2.8051,0.2.0
Cystic fibrosis,586,CFTR,USA,United States,3622919,0.00025,852.13,877.39,901.12,24.218,0.030395,0.016,1323,82,4.2929,0.2.0
Wilson disease,905,ATP7B,TUN,Tunisia,165100,0.01414,12.64,16.84,22.11,10.200,0.010537,0.730,3,0,1.2448,0.2.0
Wilson disease,905,ATP7B,MAR,Morocco,630341,0.00811,33.27,44.64,59.78,7.083,0.010544,0.607,6,0,0.9391,0.2.0
Wilson disease,905,ATP7B,DZA,Algeria,893539,0.00973,52.79,70.48,93.96,7.888,0.010498,0.650,1,0,0.0991,0.2.0
Wilson disease,905,ATP7B,LBY,Libya,123029,0.02233,12.50,16.89,22.92,13.727,0.010052,0.819,0,0,0.0000,0.2.0
Wilson disease,905,ATP7B,EGY,Egypt,2475625,0.01293,169.01,234.89,323.36,9.488,0.010433,0.714,8,0,0.2380,0.2.0
Wilson disease,905,ATP7B,SDN,Sudan,1704644,0.03041,171.82,219.01,275.91,12.848,0.007520,0.893,1,0,0.0319,0.2.0
Wilson disease,905,ATP7B,SAU,Saudi Arabia,609879,0.02417,67.52,99.11,142.08,16.251,0.010946,0.817,18,2,1.2690,0.2.0
Wilson disease,905,ATP7B,YEM,Yemen,1435309,0.02207,145.09,201.63,276.42,14.048,0.010310,0.813,0,0,0.0000,0.2.0
Wilson disease,905,ATP7B,JOR,Jordan,235621,0.02096,22.63,33.92,49.58,14.397,0.010960,0.795,1,0,0.2060,0.2.0
Wilson disease,905,ATP7B,IRQ,Iraq,1202791,0.02289,132.58,186.99,261.78,15.546,0.010960,0.810,2,0,0.0747,0.2.0
Wilson disease,905,ATP7B,PAK,Pakistan,6996078,0.03236,857.03,949.88,1053.83,13.577,0.007512,0.899,22,1,0.1618,0.2.0
Wilson disease,905,ATP7B,IRN,Iran,1161783,0.01911,112.71,141.85,177.33,12.210,0.010088,0.794,28,0,1.3793,0.2.0
Wilson disease,905,ATP7B,TUR,Turkey,944664,0.01182,84.93,97.53,113.20,10.325,0.011648,0.671,21,0,1.5045,0.2.0
Wilson disease,905,ATP7B,IND,India,23394035,0.00385,569.87,671.47,787.75,2.870,0.007506,0.507,139,1,1.4465,0.2.0
Wilson disease,905,ATP7B,FRA,France,666587,0.00025,24.29,25.58,26.85,3.837,0.012061,0.040,48,8,13.1125,0.2.0
Wilson disease,905,ATP7B,DEU,Germany,676279,0.00025,24.67,25.97,27.25,3.839,0.012066,0.040,47,2,12.6483,0.2.0
Wilson disease,905,ATP7B,GBR,United Kingdom,687365,0.00024,22.72,23.84,25.07,3.468,0.011468,0.041,23,2,6.7423,0.2.0
Wilson disease,905,ATP7B,USA,United States,3622919,0.00025,99.14,104.89,111.20,2.895,0.010461,0.046,85,4,5.6624,0.2.0
Pompe disease (GSD II),365,GAA,TUN,Tunisia,165100,0.01414,12.23,15.65,20.03,9.479,0.009911,0.742,1,0,1.1047,0.2.0
Pompe disease (GSD II),365,GAA,MAR,Morocco,630341,0.00811,32.35,40.89,52.92,6.487,0.009916,0.621,1,0,0.4228,0.2.0
Pompe disease (GSD II),365,GAA,DZA,Algeria,893539,0.00973,51.87,65.31,83.81,7.309,0.009928,0.662,2,0,0.5294,0.2.0
Pompe disease (GSD II),365,GAA,LBY,Libya,123029,0.02233,11.16,14.71,19.25,11.956,0.008918,0.836,0,0,0.0000,0.2.0
Pompe disease (GSD II),365,GAA,EGY,Egypt,2475625,0.01293,135.76,186.24,256.84,7.523,0.008700,0.750,1,0,0.0928,0.2.0
Pompe disease (GSD II),365,GAA,SDN,Sudan,1704644,0.03041,228.43,270.60,321.48,15.874,0.009086,0.873,0,0,0.0000,0.2.0
Pompe disease (GSD II),365,GAA,SAU,Saudi Arabia,609879,0.02417,37.88,59.28,90.17,9.720,0.007041,0.874,3,1,0.8749,0.2.0
Pompe disease (GSD II),365,GAA,YEM,Yemen,1435309,0.02207,98.33,139.02,192.34,9.686,0.007482,0.857,0,0,0.0000,0.2.0
Pompe disease (GSD II),365,GAA,JOR,Jordan,235621,0.02096,12.70,20.15,30.92,8.553,0.007010,0.858,1,1,0.8579,0.2.0
Pompe disease (GSD II),365,GAA,IRQ,Iraq,1202791,0.02289,73.95,112.07,166.36,9.318,0.007032,0.869,2,0,0.3085,0.2.0
Pompe disease (GSD II),365,GAA,PAK,Pakistan,6996078,0.03236,905.46,999.32,1102.97,14.284,0.007871,0.894,3,1,0.0519,0.2.0
Pompe disease (GSD II),365,GAA,IRN,Iran,1161783,0.01911,95.09,116.02,144.11,9.987,0.008531,0.820,11,0,1.6391,0.2.0
Pompe disease (GSD II),365,GAA,TUR,Turkey,944664,0.01182,119.07,130.21,144.66,13.784,0.014405,0.622,7,0,0.9294,0.2.0
Pompe disease (GSD II),365,GAA,IND,India,23394035,0.00385,611.78,720.92,840.43,3.082,0.007867,0.494,14,1,0.3357,0.2.0
Pompe disease (GSD II),365,GAA,FRA,France,666587,0.00025,62.59,64.91,67.39,9.738,0.019297,0.025,42,4,11.1860,0.2.0
Pompe disease (GSD II),365,GAA,DEU,Germany,676279,0.00025,63.58,65.84,68.23,9.735,0.019294,0.025,31,5,8.1402,0.2.0
Pompe disease (GSD II),365,GAA,GBR,United Kingdom,687365,0.00024,57.91,60.07,62.32,8.739,0.018279,0.026,9,5,2.5901,0.2.0
Pompe disease (GSD II),365,GAA,USA,United States,3622919,0.00025,228.24,238.13,248.48,6.573,0.015838,0.031,64,14,4.6464,0.2.0
Mucopolysaccharidosis type I,579,IDUA,TUN,Tunisia,165100,0.01414,3.12,4.41,6.43,2.670,0.003386,0.894,13,0,23.6945,0.2.0
Mucopolysaccharidosis type I,579,IDUA,MAR,Morocco,630341,0.00811,7.38,10.46,15.36,1.659,0.003385,0.828,9,0,6.9150,0.2.0
Mucopolysaccharidosis type I,579,IDUA,DZA,Algeria,893539,0.00973,12.22,17.24,25.37,1.930,0.003381,0.852,1,0,0.4659,0.2.0
Mucopolysaccharidosis type I,579,IDUA,LBY,Libya,123029,0.02233,2.84,4.34,6.73,3.527,0.002970,0.939,2,0,3.7033,0.2.0
Mucopolysaccharidosis type I,579,IDUA,EGY,Egypt,2475625,0.01293,33.35,53.48,85.13,2.160,0.003004,0.897,5,0,0.7511,0.2.0
Mucopolysaccharidosis type I,579,IDUA,SDN,Sudan,1704644,0.03041,44.17,62.93,90.26,3.691,0.002337,0.964,0,0,0.0000,0.2.0
Mucopolysaccharidosis type I,579,IDUA,SAU,Saudi Arabia,609879,0.02417,10.38,20.48,37.01,3.359,0.002642,0.949,3,0,1.1766,0.2.0
Mucopolysaccharidosis type I,579,IDUA,YEM,Yemen,1435309,0.02207,23.55,42.89,73.77,2.988,0.002563,0.946,1,0,0.1873,0.2.0
Mucopolysaccharidosis type I,579,IDUA,JOR,Jordan,235621,0.02096,3.47,6.79,12.67,2.882,0.002614,0.942,0,0,0.0000,0.2.0
Mucopolysaccharidosis type I,579,IDUA,IRQ,Iraq,1202791,0.02289,19.07,38.07,68.02,3.165,0.002610,0.947,1,0,0.2110,0.2.0
Mucopolysaccharidosis type I,579,IDUA,PAK,Pakistan,6996078,0.03236,267.80,315.32,368.67,4.507,0.002676,0.961,6,0,0.1529,0.2.0
Mucopolysaccharidosis type I,579,IDUA,IRN,Iran,1161783,0.01911,27.01,36.95,51.67,3.180,0.003079,0.927,10,0,2.1745,0.2.0
Mucopolysaccharidosis type I,579,IDUA,TUR,Turkey,944664,0.01182,30.32,34.53,40.66,3.656,0.005093,0.824,4,0,0.9306,0.2.0
Mucopolysaccharidosis type I,579,IDUA,IND,India,23394035,0.00385,128.81,162.96,203.74,0.697,0.002676,0.743,12,0,0.5916,0.2.0
Mucopolysaccharidosis type I,579,IDUA,FRA,France,666587,0.00025,7.50,8.08,8.70,1.211,0.006696,0.070,6,1,5.9694,0.2.0
Mucopolysaccharidosis type I,579,IDUA,DEU,Germany,676279,0.00025,7.61,8.19,8.84,1.211,0.006694,0.070,9,1,8.8255,0.2.0
Mucopolysaccharidosis type I,579,IDUA,GBR,United Kingdom,687365,0.00024,6.80,7.32,7.91,1.065,0.006270,0.072,4,1,4.3879,0.2.0
Mucopolysaccharidosis type I,579,IDUA,USA,United States,3622919,0.00025,22.90,25.19,27.72,0.695,0.005016,0.092,21,8,6.6966,0.2.0
Tay-Sachs disease,845,HEXA,TUN,Tunisia,165100,0.01414,1.91,2.72,4.17,1.650,0.002173,0.929,1,0,1.3411,0.2.0
Tay-Sachs disease,845,HEXA,MAR,Morocco,630341,0.00811,4.42,6.27,9.59,0.994,0.002157,0.883,11,0,6.4126,0.2.0
Tay-Sachs disease,845,HEXA,DZA,Algeria,893539,0.00973,7.39,10.52,16.06,1.177,0.002180,0.900,0,0,0.0000,0.2.0
Tay-Sachs disease,845,HEXA,LBY,Libya,123029,0.02233,1.82,2.79,4.45,2.270,0.001950,0.959,0,0,0.0000,0.2.0
Tay-Sachs disease,845,HEXA,EGY,Egypt,2475625,0.01293,19.47,32.38,54.56,1.308,0.001880,0.934,1,0,0.1128,0.2.0
Tay-Sachs disease,845,HEXA,SDN,Sudan,1704644,0.03041,46.51,60.32,81.41,3.538,0.002243,0.965,3,0,0.1817,0.2.0
Tay-Sachs disease,845,HEXA,SAU,Saudi Arabia,609879,0.02417,4.01,10.36,22.20,1.699,0.001380,0.973,8,0,2.8207,0.2.0
Tay-Sachs disease,845,HEXA,YEM,Yemen,1435309,0.02207,13.00,25.38,47.19,1.768,0.001547,0.967,0,0,0.0000,0.2.0
Tay-Sachs disease,845,HEXA,JOR,Jordan,235621,0.02096,1.29,3.45,7.46,1.464,0.001381,0.969,1,0,1.0587,0.2.0
Tay-Sachs disease,845,HEXA,IRQ,Iraq,1202791,0.02289,7.85,19.37,39.96,1.610,0.001366,0.972,2,0,0.3772,0.2.0
Tay-Sachs disease,845,HEXA,PAK,Pakistan,6996078,0.03236,206.19,245.72,291.91,3.512,0.002106,0.969,6,0,0.0892,0.2.0
Tay-Sachs disease,845,HEXA,IRN,Iran,1161783,0.01911,16.25,22.20,32.47,1.911,0.001905,0.953,10,0,1.6458,0.2.0
Tay-Sachs disease,845,HEXA,TUR,Turkey,944664,0.01182,18.14,20.71,24.87,2.192,0.003255,0.880,13,0,2.2933,0.2.0
Tay-Sachs disease,845,HEXA,IND,India,23394035,0.00385,94.52,120.50,154.86,0.515,0.002105,0.786,24,0,0.7276,0.2.0
Tay-Sachs disease,845,HEXA,FRA,France,666587,0.00025,3.40,3.77,4.15,0.566,0.004499,0.101,32,1,31.0050,0.2.0
Tay-Sachs disease,845,HEXA,DEU,Germany,676279,0.00025,3.46,3.82,4.21,0.565,0.004501,0.101,8,0,7.6477,0.2.0
Tay-Sachs disease,845,HEXA,GBR,United Kingdom,687365,0.00024,3.22,3.55,3.93,0.517,0.004302,0.102,11,0,11.3067,0.2.0
Tay-Sachs disease,845,HEXA,USA,United States,3622919,0.00025,17.93,19.90,22.03,0.549,0.004430,0.103,37,5,6.7933,0.2.0
Sandhoff disease,796,HEXB,TUN,Tunisia,165100,0.01414,1.94,3.13,4.97,1.897,0.002478,0.920,0,0,0.0000,0.2.0
Sandhoff disease,796,HEXB,MAR,Morocco,630341,0.00811,4.55,7.31,11.72,1.159,0.002483,0.869,1,0,1.4751,0.2.0
Sandhoff disease,796,HEXB,DZA,Algeria,893539,0.00973,7.59,12.04,19.57,1.348,0.002465,0.888,0,0,0.0000,0.2.0
Sandhoff disease,796,HEXB,LBY,Libya,123029,0.02233,1.94,3.33,5.46,2.706,0.002306,0.952,0,0,0.0000,0.2.0
Sandhoff disease,796,HEXB,EGY,Egypt,2475625,0.01293,23.32,41.16,71.57,1.663,0.002354,0.917,0,0,0.0000,0.2.0
Sandhoff disease,796,HEXB,SDN,Sudan,1704644,0.03041,27.95,44.67,70.86,2.621,0.001678,0.974,0,0,0.0000,0.2.0
Sandhoff disease,796,HEXB,SAU,Saudi Arabia,609879,0.02417,9.53,19.39,34.73,3.180,0.002502,0.952,3,0,1.6671,0.2.0
Sandhoff disease,796,HEXB,YEM,Yemen,1435309,0.02207,20.49,38.73,68.62,2.698,0.002316,0.951,0,0,0.0000,0.2.0
Sandhoff disease,796,HEXB,JOR,Jordan,235621,0.02096,3.15,6.37,12.24,2.702,0.002481,0.944,1,0,1.6925,0.2.0
Sandhoff disease,796,HEXB,IRQ,Iraq,1202791,0.02289,18.37,36.39,64.68,3.026,0.002507,0.949,0,0,0.0000,0.2.0
Sandhoff disease,796,HEXB,PAK,Pakistan,6996078,0.03236,147.40,181.35,220.49,2.592,0.001564,0.977,4,0,0.2377,0.2.0
Sandhoff disease,796,HEXB,IRN,Iran,1161783,0.01911,17.92,26.89,40.81,2.315,0.002286,0.945,11,0,4.4076,0.2.0
Sandhoff disease,796,HEXB,TUR,Turkey,944664,0.01182,14.61,17.95,23.52,1.900,0.002869,0.893,4,0,2.4012,0.2.0
Sandhoff disease,796,HEXB,IND,India,23394035,0.00385,64.42,84.96,111.92,0.363,0.001569,0.831,8,0,1.0147,0.2.0
Sandhoff disease,796,HEXB,FRA,France,666587,0.00025,1.64,1.88,2.12,0.282,0.003105,0.140,6,1,34.4266,0.2.0
Sandhoff disease,796,HEXB,DEU,Germany,676279,0.00025,1.66,1.90,2.16,0.281,0.003103,0.140,3,0,16.9910,0.2.0
Sandhoff disease,796,HEXB,GBR,United Kingdom,687365,0.00024,1.51,1.72,1.97,0.251,0.002926,0.143,2,0,12.5067,0.2.0
Sandhoff disease,796,HEXB,USA,United States,3622919,0.00025,8.33,9.61,11.04,0.265,0.003010,0.144,7,4,7.8499,0.2.0
Metachromatic leukodystrophy,512,ARSA,TUN,Tunisia,165100,0.01414,3.75,5.32,7.69,3.223,0.004002,0.877,6,0,13.4635,0.2.0
Metachromatic leukodystrophy,512,ARSA,MAR,Morocco,630341,0.00811,9.00,12.72,18.72,2.018,0.003991,0.804,3,0,2.8157,0.2.0
Metachromatic leukodystrophy,512,ARSA,DZA,Algeria,893539,0.00973,14.77,20.96,30.07,2.345,0.004008,0.831,0,0,0.0000,0.2.0
Metachromatic leukodystrophy,512,ARSA,LBY,Libya,123029,0.02233,3.72,5.50,8.24,4.471,0.003720,0.924,0,0,0.0000,0.2.0
Metachromatic leukodystrophy,512,ARSA,EGY,Egypt,2475625,0.01293,42.90,67.51,105.14,2.727,0.003690,0.876,5,0,0.8842,0.2.0
Metachromatic leukodystrophy,512,ARSA,SDN,Sudan,1704644,0.03041,75.65,99.25,130.26,5.822,0.003618,0.945,0,0,0.0000,0.2.0
Metachromatic leukodystrophy,512,ARSA,SAU,Saudi Arabia,609879,0.02417,14.52,25.98,44.61,4.259,0.003324,0.936,4,0,1.8385,0.2.0
Metachromatic leukodystrophy,512,ARSA,YEM,Yemen,1435309,0.02207,35.23,58.36,91.91,4.066,0.003416,0.930,0,0,0.0000,0.2.0
Metachromatic leukodystrophy,512,ARSA,JOR,Jordan,235621,0.02096,4.72,8.83,15.46,3.746,0.003341,0.927,1,0,1.3527,0.2.0
Metachromatic leukodystrophy,512,ARSA,IRQ,Iraq,1202791,0.02289,27.60,49.59,83.03,4.123,0.003367,0.933,0,0,0.0000,0.2.0
Metachromatic leukodystrophy,512,ARSA,PAK,Pakistan,6996078,0.03236,435.68,497.19,562.18,7.107,0.004136,0.942,1,0,0.0240,0.2.0
Metachromatic leukodystrophy,512,ARSA,IRN,Iran,1161783,0.01911,36.13,47.56,64.17,4.094,0.003888,0.909,9,0,2.2593,0.2.0
Metachromatic leukodystrophy,512,ARSA,TUR,Turkey,944664,0.01182,30.35,35.07,41.67,3.712,0.005152,0.822,3,0,1.0215,0.2.0
Metachromatic leukodystrophy,512,ARSA,IND,India,23394035,0.00385,232.51,285.52,348.55,1.220,0.004124,0.652,16,0,0.6691,0.2.0
Metachromatic leukodystrophy,512,ARSA,FRA,France,666587,0.00025,6.70,7.25,7.82,1.087,0.006328,0.074,7,1,11.5327,0.2.0
Metachromatic leukodystrophy,512,ARSA,DEU,Germany,676279,0.00025,6.82,7.37,7.94,1.089,0.006334,0.074,22,0,35.6614,0.2.0
Metachromatic leukodystrophy,512,ARSA,GBR,United Kingdom,687365,0.00024,6.42,6.95,7.52,1.011,0.006096,0.074,5,0,8.5900,0.2.0
Metachromatic leukodystrophy,512,ARSA,USA,United States,3622919,0.00025,22.54,24.70,27.10,0.682,0.004963,0.093,24,5,11.6016,0.2.0
Krabbe disease,487,GALC,TUN,Tunisia,165100,0.01414,1.57,2.58,4.14,1.564,0.002066,0.933,0,0,0.0000,0.2.0
Krabbe disease,487,GALC,MAR,Morocco,630341,0.00811,3.63,5.92,9.89,0.939,0.002056,0.888,1,0,3.7853,0.2.0
Krabbe disease,487,GALC,DZA,Algeria,893539,0.00973,6.03,9.98,16.17,1.117,0.002081,0.904,0,0,0.0000,0.2.0
Krabbe disease,487,GALC,LBY,Libya,123029,0.02233,1.74,2.92,4.89,2.376,0.002037,0.957,0,0,0.0000,0.2.0
Krabbe disease,487,GALC,EGY,Egypt,2475625,0.01293,19.74,35.32,61.68,1.427,0.002051,0.927,0,0,0.0000,0.2.0
Krabbe disease,487,GALC,SDN,Sudan,1704644,0.03041,37.99,54.05,78.08,3.171,0.002022,0.969,0,0,0.0000,0.2.0
Krabbe disease,487,GALC,SAU,Saudi Arabia,609879,0.02417,7.19,15.47,29.49,2.537,0.002026,0.961,1,0,1.4480,0.2.0
Krabbe disease,487,GALC,YEM,Yemen,1435309,0.02207,16.90,33.60,60.83,2.341,0.002028,0.957,0,0,0.0000,0.2.0
Krabbe disease,487,GALC,JOR,Jordan,235621,0.02096,2.34,5.18,10.21,2.198,0.002024,0.955,0,0,0.0000,0.2.0
Krabbe disease,487,GALC,IRQ,Iraq,1202791,0.02289,13.83,29.11,53.88,2.420,0.002026,0.958,0,0,0.0000,0.2.0
Krabbe disease,487,GALC,PAK,Pakistan,6996078,0.03236,252.56,297.28,348.48,4.249,0.002530,0.963,0,0,0.0000,0.2.0
Krabbe disease,487,GALC,IRN,Iran,1161783,0.01911,17.95,25.76,38.23,2.217,0.002194,0.947,3,0,2.6088,0.2.0
Krabbe disease,487,GALC,TUR,Turkey,944664,0.01182,10.31,13.12,17.63,1.388,0.002153,0.917,4,0,6.8317,0.2.0
Krabbe disease,487,GALC,IND,India,23394035,0.00385,119.48,150.71,189.11,0.644,0.002520,0.753,4,0,0.5946,0.2.0
Krabbe disease,487,GALC,FRA,France,666587,0.00025,0.86,1.02,1.19,0.153,0.002228,0.185,1,0,22.0288,0.2.0
Krabbe disease,487,GALC,DEU,Germany,676279,0.00025,0.87,1.03,1.21,0.152,0.002229,0.184,3,0,65.2491,0.2.0
Krabbe disease,487,GALC,GBR,United Kingdom,687365,0.00024,0.89,1.05,1.23,0.153,0.002239,0.179,0,0,0.0000,0.2.0
Krabbe disease,487,GALC,USA,United States,3622919,0.00025,9.01,10.37,11.85,0.286,0.003137,0.139,14,6,30.2503,0.2.0
Niemann-Pick disease type C,646,NPC1/NPC2,TUN,Tunisia,165100,0.01414,3.83,5.33,7.68,3.231,0.004107,0.874,0,0,0.0000,0.2.0
Niemann-Pick disease type C,646,NPC1/NPC2,MAR,Morocco,630341,0.00811,9.05,12.77,18.40,2.026,0.004145,0.797,1,0,1.0049,0.2.0
Niemann-Pick disease type C,646,NPC1/NPC2,DZA,Algeria,893539,0.00973,14.88,21.00,29.65,2.350,0.004130,0.826,1,0,0.6111,0.2.0
Niemann-Pick disease type C,646,NPC1/NPC2,LBY,Libya,123029,0.02233,3.77,5.53,8.20,4.491,0.003782,0.923,0,0,0.0000,0.2.0
Niemann-Pick disease type C,646,NPC1/NPC2,EGY,Egypt,2475625,0.01293,44.05,67.71,105.01,2.735,0.003809,0.873,2,0,0.3790,0.2.0
Niemann-Pick disease type C,646,NPC1/NPC2,SDN,Sudan,1704644,0.03041,72.13,94.13,124.53,5.522,0.003481,0.947,5,0,0.6816,0.2.0
Niemann-Pick disease type C,646,NPC1/NPC2,SAU,Saudi Arabia,609879,0.02417,14.86,27.31,45.64,4.478,0.003542,0.933,3,0,1.4095,0.2.0
Niemann-Pick disease type C,646,NPC1/NPC2,YEM,Yemen,1435309,0.02207,35.57,59.21,94.00,4.125,0.003526,0.928,0,0,0.0000,0.2.0
Niemann-Pick disease type C,646,NPC1/NPC2,JOR,Jordan,235621,0.02096,4.98,9.18,15.69,3.897,0.003530,0.923,0,0,0.0000,0.2.0
Niemann-Pick disease type C,646,NPC1/NPC2,IRQ,Iraq,1202791,0.02289,28.80,51.16,84.51,4.254,0.003506,0.930,0,0,0.0000,0.2.0
Niemann-Pick disease type C,646,NPC1/NPC2,PAK,Pakistan,6996078,0.03236,369.61,424.42,487.63,6.067,0.003588,0.949,0,2,0.0000,0.2.0
Niemann-Pick disease type C,646,NPC1/NPC2,IRN,Iran,1161783,0.01911,34.80,46.43,62.63,3.996,0.003865,0.910,11,0,3.0400,0.2.0
Niemann-Pick disease type C,646,NPC1/NPC2,TUR,Turkey,944664,0.01182,31.08,35.68,42.82,3.777,0.005367,0.816,5,2,1.7979,0.2.0
Niemann-Pick disease type C,646,NPC1/NPC2,IND,India,23394035,0.00385,183.23,224.98,275.51,0.962,0.003596,0.681,7,2,0.3992,0.2.0
Niemann-Pick disease type C,646,NPC1/NPC2,FRA,France,666587,0.00025,6.35,6.91,7.49,1.037,0.006594,0.071,20,1,37.1389,0.2.0
Niemann-Pick disease type C,646,NPC1/NPC2,DEU,Germany,676279,0.00025,6.44,7.00,7.59,1.036,0.006591,0.071,8,3,14.6557,0.2.0
Niemann-Pick disease type C,646,NPC1/NPC2,GBR,United Kingdom,687365,0.00024,5.92,6.43,6.99,0.935,0.006288,0.072,3,3,5.9903,0.2.0
Niemann-Pick disease type C,646,NPC1/NPC2,USA,United States,3622919,0.00025,21.67,24.00,26.55,0.662,0.005296,0.087,22,5,11.7647,0.2.0
Xeroderma pigmentosum (XPA/XPC),910,XPA/XPC,TUN,Tunisia,165100,0.01414,1.71,2.83,4.50,1.714,0.002314,0.925,31,0,27.7696,0.2.0
Xeroderma pigmentosum (XPA/XPC),910,XPA/XPC,MAR,Morocco,630341,0.00811,3.93,6.45,10.41,1.023,0.002316,0.875,11,0,4.3243,0.2.0
Xeroderma pigmentosum (XPA/XPC),910,XPA/XPC,DZA,Algeria,893539,0.00973,6.58,10.85,17.34,1.215,0.002309,0.895,7,0,1.6352,0.2.0
Xeroderma pigmentosum (XPA/XPC),910,XPA/XPC,LBY,Libya,123029,0.02233,2.00,3.39,5.53,2.755,0.002393,0.950,4,0,2.9916,0.2.0
Xeroderma pigmentosum (XPA/XPC),910,XPA/XPC,EGY,Egypt,2475625,0.01293,22.54,40.37,68.70,1.631,0.002388,0.917,11,0,0.6908,0.2.0
Xeroderma pigmentosum (XPA/XPC),910,XPA/XPC,SDN,Sudan,1704644,0.03041,44.13,62.14,87.54,3.645,0.002343,0.964,0,0,0.0000,0.2.0
Xeroderma pigmentosum (XPA/XPC),910,XPA/XPC,SAU,Saudi Arabia,609879,0.02417,9.58,19.47,34.50,3.192,0.002550,0.951,7,0,0.9116,0.2.0
Xeroderma pigmentosum (XPA/XPC),910,XPA/XPC,YEM,Yemen,1435309,0.02207,22.68,41.38,70.27,2.883,0.002512,0.947,1,0,0.0613,0.2.0
Xeroderma pigmentosum (XPA/XPC),910,XPA/XPC,JOR,Jordan,235621,0.02096,3.16,6.38,11.79,2.706,0.002514,0.944,0,0,0.0000,0.2.0
Xeroderma pigmentosum (XPA/XPC),910,XPA/XPC,IRQ,Iraq,1202791,0.02289,18.47,36.08,63.78,3.000,0.002532,0.949,0,0,0.0000,0.2.0
Xeroderma pigmentosum (XPA/XPC),910,XPA/XPC,PAK,Pakistan,6996078,0.03236,176.51,212.36,255.36,3.035,0.001851,0.973,12,0,0.1433,0.2.0
Xeroderma pigmentosum (XPA/XPC),910,XPA/XPC,IRN,Iran,1161783,0.01911,16.97,25.64,39.16,2.207,0.002231,0.946,6,0,0.5933,0.2.0
Xeroderma pigmentosum (XPA/XPC),910,XPA/XPC,TUR,Turkey,944664,0.01182,8.50,11.47,15.99,1.214,0.001963,0.924,15,0,3.3148,0.2.0
Xeroderma pigmentosum (XPA/XPC),910,XPA/XPC,IND,India,23394035,0.00385,71.65,93.57,120.15,0.400,0.001847,0.806,40,0,1.0838,0.2.0
Xeroderma pigmentosum (XPA/XPC),910,XPA/XPC,FRA,France,666587,0.00025,0.24,0.35,0.46,0.052,0.001589,0.240,14,1,102.5816,0.2.0
Xeroderma pigmentosum (XPA/XPC),910,XPA/XPC,DEU,Germany,676279,0.00025,0.25,0.35,0.46,0.052,0.001586,0.241,16,0,115.9545,0.2.0
Xeroderma pigmentosum (XPA/XPC),910,XPA/XPC,GBR,United Kingdom,687365,0.00024,0.26,0.37,0.48,0.053,0.001626,0.230,14,0,97.2049,0.2.0
Xeroderma pigmentosum (XPA/XPC),910,XPA/XPC,USA,United States,3622919,0.00025,1.47,2.07,2.73,0.057,0.001683,0.231,38,1,46.5926,0.2.0
Ataxia-telangiectasia,100,ATM,TUN,Tunisia,165100,0.01414,3.73,5.47,7.97,3.315,0.004092,0.874,8,0,7.3722,0.2.0
Ataxia-telangiectasia,100,ATM,MAR,Morocco,630341,0.00811,8.74,13.04,19.48,2.069,0.004079,0.800,7,0,2.7068,0.2.0
Ataxia-telangiectasia,100,ATM,DZA,Algeria,893539,0.00973,14.68,21.59,31.85,2.416,0.004113,0.827,2,0,0.4673,0.2.0
Ataxia-telangiectasia,100,ATM,LBY,Libya,123029,0.02233,4.08,6.06,8.97,4.922,0.004054,0.918,1,0,0.8329,0.2.0
Ataxia-telangiectasia,100,ATM,EGY,Egypt,2475625,0.01293,47.84,75.04,117.04,3.031,0.004063,0.865,6,0,0.4033,0.2.0
Ataxia-telangiectasia,100,ATM,SDN,Sudan,1704644,0.03041,85.72,110.76,143.52,6.498,0.004017,0.940,1,0,0.0455,0.2.0
Ataxia-telangiectasia,100,ATM,SAU,Saudi Arabia,609879,0.02417,17.79,32.15,52.67,5.272,0.004055,0.924,17,0,2.6668,0.2.0
Ataxia-telangiectasia,100,ATM,YEM,Yemen,1435309,0.02207,43.75,69.95,108.49,4.874,0.004052,0.917,1,0,0.0721,0.2.0
Ataxia-telangiectasia,100,ATM,JOR,Jordan,235621,0.02096,6.08,10.87,18.40,4.615,0.004026,0.912,1,0,0.4639,0.2.0
Ataxia-telangiectasia,100,ATM,IRQ,Iraq,1202791,0.02289,35.16,60.57,98.74,5.036,0.004044,0.920,0,0,0.0000,0.2.0
Ataxia-telangiectasia,100,ATM,PAK,Pakistan,6996078,0.03236,363.68,420.49,480.54,6.010,0.003523,0.950,4,0,0.0480,0.2.0
Ataxia-telangiectasia,100,ATM,IRN,Iran,1161783,0.01911,35.10,47.65,65.47,4.101,0.003894,0.909,37,0,3.9166,0.2.0
Ataxia-telangiectasia,100,ATM,TUR,Turkey,944664,0.01182,23.10,27.77,34.33,2.940,0.004215,0.850,19,0,3.4508,0.2.0
Ataxia-telangiectasia,100,ATM,IND,India,23394035,0.00385,189.60,232.77,285.72,0.995,0.003542,0.686,20,0,0.4334,0.2.0
Ataxia-telangiectasia,100,ATM,FRA,France,666587,0.00025,3.24,3.59,3.97,0.538,0.004385,0.103,22,1,30.9189,0.2.0
Ataxia-telangiectasia,100,ATM,DEU,Germany,676279,0.00025,3.29,3.64,4.02,0.538,0.004386,0.103,16,0,22.1820,0.2.0
Ataxia-telangiectasia,100,ATM,GBR,United Kingdom,687365,0.00024,3.25,3.59,3.96,0.522,0.004316,0.102,15,1,21.1008,0.2.0
Ataxia-telangiectasia,100,ATM,USA,United States,3622919,0.00025,18.04,20.16,22.48,0.556,0.004462,0.102,54,7,13.5134,0.2.0
Calpainopathy (LGMD R1),267,CAPN3,TUN,Tunisia,165100,0.01414,13.29,17.48,22.83,10.588,0.010812,0.725,4,0,6.8672,0.2.0
Calpainopathy (LGMD R1),267,CAPN3,MAR,Morocco,630341,0.00811,34.85,46.20,61.09,7.329,0.010806,0.600,1,0,0.6496,0.2.0
Calpainopathy (LGMD R1),267,CAPN3,DZA,Algeria,893539,0.00973,56.31,73.42,96.89,8.217,0.010818,0.643,0,0,0.0000,0.2.0
Calpainopathy (LGMD R1),267,CAPN3,LBY,Libya,123029,0.02233,12.68,17.14,23.00,13.929,0.010187,0.817,0,0,0.0000,0.2.0
Calpainopathy (LGMD R1),267,CAPN3,EGY,Egypt,2475625,0.01293,171.53,236.29,324.99,9.545,0.010472,0.714,5,0,0.6350,0.2.0
Calpainopathy (LGMD R1),267,CAPN3,SDN,Sudan,1704644,0.03041,176.71,222.78,278.12,13.069,0.007651,0.891,0,0,0.0000,0.2.0
Calpainopathy (LGMD R1),267,CAPN3,SAU,Saudi Arabia,609879,0.02417,65.68,95.61,136.99,15.677,0.010634,0.822,4,0,1.2555,0.2.0
Calpainopathy (LGMD R1),267,CAPN3,YEM,Yemen,1435309,0.02207,141.23,197.74,270.73,13.777,0.010137,0.816,0,0,0.0000,0.2.0
Calpainopathy (LGMD R1),267,CAPN3,JOR,Jordan,235621,0.02096,22.23,33.12,47.99,14.056,0.010717,0.797,0,0,0.0000,0.2.0
Calpainopathy (LGMD R1),267,CAPN3,IRQ,Iraq,1202791,0.02289,129.34,181.67,255.80,15.104,0.010674,0.814,1,0,0.1652,0.2.0
Calpainopathy (LGMD R1),267,CAPN3,PAK,Pakistan,6996078,0.03236,357.14,414.55,475.65,5.926,0.003475,0.951,1,0,0.0724,0.2.0
Calpainopathy (LGMD R1),267,CAPN3,IRN,Iran,1161783,0.01911,96.26,122.30,157.59,10.527,0.008918,0.813,9,0,2.2085,0.2.0
Calpainopathy (LGMD R1),267,CAPN3,TUR,Turkey,944664,0.01182,99.05,112.39,129.19,11.897,0.012950,0.647,7,0,1.8691,0.2.0
Calpainopathy (LGMD R1),267,CAPN3,IND,India,23394035,0.00385,182.61,226.96,280.44,0.970,0.003470,0.690,16,0,2.1156,0.2.0
Calpainopathy (LGMD R1),267,CAPN3,FRA,France,666587,0.00025,34.84,36.42,38.06,5.464,0.014429,0.034,5,0,4.1200,0.2.0
Calpainopathy (LGMD R1),267,CAPN3,DEU,Germany,676279,0.00025,35.38,36.96,38.63,5.465,0.014433,0.033,3,0,2.4359,0.2.0
Calpainopathy (LGMD R1),267,CAPN3,GBR,United Kingdom,687365,0.00024,30.90,32.31,33.78,4.701,0.013380,0.035,1,0,0.9288,0.2.0
Calpainopathy (LGMD R1),267,CAPN3,USA,United States,3622919,0.00025,111.35,117.44,123.96,3.242,0.011077,0.044,17,1,4.3442,0.2.0
Maple syrup urine disease,511,BCKDHA/BCKDHB/DBT,TUN,Tunisia,165100,0.01414,5.20,7.17,9.85,4.345,0.005666,0.834,1,0,1.6008,0.2.0
Maple syrup urine disease,511,BCKDHA/BCKDHB/DBT,MAR,Morocco,630341,0.00811,12.17,16.66,22.83,2.643,0.005670,0.741,0,0,0.0000,0.2.0
Maple syrup urine disease,511,BCKDHA/BCKDHB/DBT,DZA,Algeria,893539,0.00973,20.34,27.59,38.41,3.088,0.005657,0.775,0,0,0.0000,0.2.0
Maple syrup urine disease,511,BCKDHA/BCKDHB/DBT,LBY,Libya,123029,0.02233,5.78,8.18,11.44,6.651,0.005652,0.889,0,0,0.0000,0.2.0
Maple syrup urine disease,511,BCKDHA/BCKDHB/DBT,EGY,Egypt,2475625,0.01293,67.78,99.62,143.66,4.024,0.005662,0.822,6,0,0.6917,0.2.0
Maple syrup urine disease,511,BCKDHA/BCKDHB/DBT,SDN,Sudan,1704644,0.03041,119.00,148.92,186.57,8.736,0.005518,0.919,1,0,0.0771,0.2.0
Maple syrup urine disease,511,BCKDHA/BCKDHB/DBT,SAU,Saudi Arabia,609879,0.02417,27.49,44.33,68.36,7.269,0.005737,0.896,6,0,1.5543,0.2.0
Maple syrup urine disease,511,BCKDHA/BCKDHB/DBT,YEM,Yemen,1435309,0.02207,63.47,95.31,139.01,6.640,0.005678,0.888,0,0,0.0000,0.2.0
Maple syrup urine disease,511,BCKDHA/BCKDHB/DBT,JOR,Jordan,235621,0.02096,8.83,14.82,23.56,6.291,0.005708,0.882,2,0,1.5495,0.2.0
Maple syrup urine disease,511,BCKDHA/BCKDHB/DBT,IRQ,Iraq,1202791,0.02289,53.03,83.08,123.50,6.907,0.005686,0.891,1,0,0.1382,0.2.0
Maple syrup urine disease,511,BCKDHA/BCKDHB/DBT,PAK,Pakistan,6996078,0.03236,258.80,302.76,351.86,4.328,0.002635,0.962,1,0,0.0379,0.2.0
Maple syrup urine disease,511,BCKDHA/BCKDHB/DBT,IRN,Iran,1161783,0.01911,41.35,55.67,74.04,4.792,0.004762,0.891,13,0,2.6820,0.2.0
Maple syrup urine disease,511,BCKDHA/BCKDHB/DBT,TUR,Turkey,944664,0.01182,29.60,34.66,41.76,3.669,0.005683,0.808,9,0,2.9824,0.2.0
Maple syrup urine disease,511,BCKDHA/BCKDHB/DBT,IND,India,23394035,0.00385,105.03,132.65,165.99,0.567,0.002625,0.746,14,0,1.2121,0.2.0
Maple syrup urine disease,511,BCKDHA/BCKDHB/DBT,FRA,France,666587,0.00025,2.02,2.39,2.79,0.358,0.005674,0.082,8,0,38.5099,0.2.0
Maple syrup urine disease,511,BCKDHA/BCKDHB/DBT,DEU,Germany,676279,0.00025,2.05,2.43,2.83,0.359,0.005674,0.081,11,0,52.0738,0.2.0
Maple syrup urine disease,511,BCKDHA/BCKDHB/DBT,GBR,United Kingdom,687365,0.00024,1.94,2.30,2.70,0.335,0.005480,0.082,3,0,14.9713,0.2.0
Maple syrup urine disease,511,BCKDHA/BCKDHB/DBT,USA,United States,3622919,0.00025,10.44,12.49,14.69,0.345,0.005589,0.083,19,2,17.4698,0.2.0
Classic galactosemia,79239,GALT,TUN,Tunisia,165100,0.01414,4.44,5.79,7.83,3.509,0.004310,0.868,0,0,0.0000,0.2.0
Classic galactosemia,79239,GALT,MAR,Morocco,630341,0.00811,10.72,13.92,19.12,2.208,0.004296,0.791,0,0,0.0000,0.2.0
Classic galactosemia,79239,GALT,DZA,Algeria,893539,0.00973,17.63,22.93,31.24,2.566,0.004317,0.819,1,0,0.3560,0.2.0
Classic galactosemia,79239,GALT,LBY,Libya,123029,0.02233,4.50,6.01,8.35,4.887,0.004016,0.919,0,0,0.0000,0.2.0
Classic galactosemia,79239,GALT,EGY,Egypt,2475625,0.01293,46.44,67.21,99.66,2.715,0.003659,0.877,2,0,0.2430,0.2.0
Classic galactosemia,79239,GALT,SDN,Sudan,1704644,0.03041,141.79,164.29,195.71,9.638,0.005792,0.915,0,0,0.0000,0.2.0
Classic galactosemia,79239,GALT,SAU,Saudi Arabia,609879,0.02417,8.91,18.23,33.47,2.988,0.002373,0.954,5,0,2.2398,0.2.0
Classic galactosemia,79239,GALT,YEM,Yemen,1435309,0.02207,32.86,51.93,81.85,3.618,0.003064,0.936,0,0,0.0000,0.2.0
Classic galactosemia,79239,GALT,JOR,Jordan,235621,0.02096,2.97,6.24,11.54,2.646,0.002404,0.946,0,0,0.0000,0.2.0
Classic galactosemia,79239,GALT,IRQ,Iraq,1202791,0.02289,16.56,34.35,61.68,2.856,0.002366,0.952,0,0,0.0000,0.2.0
Classic galactosemia,79239,GALT,PAK,Pakistan,6996078,0.03236,328.88,381.70,440.19,5.456,0.003213,0.954,6,0,0.1283,0.2.0
Classic galactosemia,79239,GALT,IRN,Iran,1161783,0.01911,29.99,39.08,52.91,3.364,0.003244,0.923,8,0,1.6715,0.2.0
Classic galactosemia,79239,GALT,TUR,Turkey,944664,0.01182,39.07,43.11,49.14,4.563,0.006122,0.796,15,0,2.8410,0.2.0
Classic galactosemia,79239,GALT,IND,India,23394035,0.00385,164.87,204.91,252.57,0.876,0.003211,0.707,26,0,1.0359,0.2.0
Classic galactosemia,79239,GALT,FRA,France,666587,0.00025,12.33,13.17,14.00,1.975,0.008599,0.055,7,0,4.3406,0.2.0
Classic galactosemia,79239,GALT,DEU,Germany,676279,0.00025,12.54,13.36,14.18,1.975,0.008600,0.055,17,0,10.3900,0.2.0
Classic galactosemia,79239,GALT,GBR,United Kingdom,687365,0.00024,11.87,12.63,13.44,1.837,0.008297,0.056,9,0,5.8188,0.2.0
Classic galactosemia,79239,GALT,USA,United States,3622919,0.00025,48.71,52.34,56.35,1.445,0.007326,0.064,45,1,7.0197,0.2.0
Classic homocystinuria,394,CBS,TUN,Tunisia,165100,0.01414,0.75,0.93,1.49,0.563,0.000768,0.973,0,0,0.0000,0.2.0
Classic homocystinuria,394,CBS,MAR,Morocco,630341,0.00811,1.73,2.07,3.31,0.328,0.000767,0.955,1,0,1.2523,0.2.0
Classic homocystinuria,394,CBS,DZA,Algeria,893539,0.00973,2.90,3.49,5.61,0.391,0.000768,0.962,0,0,0.0000,0.2.0
Classic homocystinuria,394,CBS,LBY,Libya,123029,0.02233,0.87,1.12,1.77,0.910,0.000791,0.983,0,0,0.0000,0.2.0
Classic homocystinuria,394,CBS,EGY,Egypt,2475625,0.01293,7.59,10.07,18.24,0.407,0.000605,0.977,2,0,0.5140,0.2.0
Classic homocystinuria,394,CBS,SDN,Sudan,1704644,0.03041,42.15,50.15,61.00,2.942,0.001874,0.971,1,0,0.0516,0.2.0
Classic homocystinuria,394,CBS,SAU,Saudi Arabia,609879,0.02417,0.00,0.62,4.91,0.102,0.000085,0.998,10,1,41.6447,0.2.0
Classic homocystinuria,394,CBS,YEM,Yemen,1435309,0.02207,5.27,7.04,15.77,0.491,0.000440,0.990,0,0,0.0000,0.2.0
Classic homocystinuria,394,CBS,JOR,Jordan,235621,0.02096,0.00,0.20,1.74,0.085,0.000082,0.998,1,0,12.8831,0.2.0
Classic homocystinuria,394,CBS,IRQ,Iraq,1202791,0.02289,0.01,1.15,9.96,0.095,0.000083,0.998,1,0,2.2565,0.2.0
Classic homocystinuria,394,CBS,PAK,Pakistan,6996078,0.03236,89.22,116.22,147.91,1.661,0.001012,0.985,9,0,0.2004,0.2.0
Classic homocystinuria,394,CBS,IRN,Iran,1161783,0.01911,4.80,6.06,10.15,0.522,0.000539,0.986,5,0,2.1331,0.2.0
Classic homocystinuria,394,CBS,TUR,Turkey,944664,0.01182,5.65,6.19,7.68,0.655,0.001058,0.957,9,1,3.7631,0.2.0
Classic homocystinuria,394,CBS,IND,India,23394035,0.00385,36.88,51.51,70.06,0.220,0.001012,0.884,17,0,0.8539,0.2.0
Classic homocystinuria,394,CBS,FRA,France,666587,0.00025,0.50,0.62,0.76,0.093,0.001694,0.230,11,2,45.8417,0.2.0
Classic homocystinuria,394,CBS,DEU,Germany,676279,0.00025,0.51,0.63,0.77,0.093,0.001695,0.229,13,1,53.3544,0.2.0
Classic homocystinuria,394,CBS,GBR,United Kingdom,687365,0.00024,0.54,0.66,0.80,0.096,0.001731,0.220,3,1,11.7426,0.2.0
Classic homocystinuria,394,CBS,USA,United States,3622919,0.00025,11.33,12.94,14.70,0.357,0.003527,0.126,22,2,4.4005,0.2.0
MCAD deficiency,42,ACADM,TUN,Tunisia,165100,0.01414,11.69,14.98,19.41,9.075,0.009578,0.748,0,0,0.0000,0.2.0
MCAD deficiency,42,ACADM,MAR,Morocco,630341,0.00811,30.26,39.01,51.20,6.189,0.009566,0.629,0,0,0.0000,0.2.0
MCAD deficiency,42,ACADM,DZA,Algeria,893539,0.00973,48.78,62.29,79.63,6.971,0.009567,0.671,0,0,0.0000,0.2.0
MCAD deficiency,42,ACADM,LBY,Libya,123029,0.02233,9.95,13.27,17.77,10.790,0.008181,0.847,0,0,0.0000,0.2.0
MCAD deficiency,42,ACADM,EGY,Egypt,2475625,0.01293,126.01,176.60,246.55,7.134,0.008324,0.758,3,0,0.6581,0.2.0
MCAD deficiency,42,ACADM,SDN,Sudan,1704644,0.03041,133.18,168.88,215.37,9.907,0.005949,0.913,0,0,0.0000,0.2.0
MCAD deficiency,42,ACADM,SAU,Saudi Arabia,609879,0.02417,40.47,62.49,91.83,10.246,0.007403,0.869,1,0,0.6200,0.2.0
MCAD deficiency,42,ACADM,YEM,Yemen,1435309,0.02207,88.43,129.40,186.61,9.016,0.007029,0.865,0,0,0.0000,0.2.0
MCAD deficiency,42,ACADM,JOR,Jordan,235621,0.02096,13.26,21.35,32.51,9.059,0.007346,0.852,0,0,0.0000,0.2.0
MCAD deficiency,42,ACADM,IRQ,Iraq,1202791,0.02289,78.27,118.15,172.75,9.823,0.007375,0.864,0,0,0.0000,0.2.0
MCAD deficiency,42,ACADM,PAK,Pakistan,6996078,0.03236,541.38,612.92,689.69,8.761,0.005029,0.930,1,0,0.0632,0.2.0
MCAD deficiency,42,ACADM,IRN,Iran,1161783,0.01911,85.22,106.52,134.15,9.168,0.007935,0.830,1,0,0.3637,0.2.0
MCAD deficiency,42,ACADM,TUR,Turkey,944664,0.01182,123.68,135.18,150.57,14.310,0.014806,0.616,3,0,0.8597,0.2.0
MCAD deficiency,42,ACADM,IND,India,23394035,0.00385,311.90,374.95,452.49,1.603,0.005027,0.604,4,0,0.4133,0.2.0
MCAD deficiency,42,ACADM,FRA,France,666587,0.00025,65.49,67.85,70.22,10.178,0.019729,0.025,8,0,4.5680,0.2.0
MCAD deficiency,42,ACADM,DEU,Germany,676279,0.00025,66.34,68.85,71.31,10.180,0.019727,0.025,15,0,8.4408,0.2.0
MCAD deficiency,42,ACADM,GBR,United Kingdom,687365,0.00024,57.78,59.81,61.99,8.702,0.018245,0.026,11,0,7.1245,0.2.0
MCAD deficiency,42,ACADM,USA,United States,3622919,0.00025,199.19,208.16,217.75,5.746,0.014794,0.033,16,3,2.9778,0.2.0
Glutaric acidemia type 1,25,GCDH,TUN,Tunisia,165100,0.01414,3.61,5.11,7.41,3.095,0.003862,0.881,0,0,0.0000,0.2.0
Glutaric acidemia type 1,25,GCDH,MAR,Morocco,630341,0.00811,8.69,12.28,18.00,1.948,0.003886,0.807,0,0,0.0000,0.2.0
Glutaric acidemia type 1,25,GCDH,DZA,Algeria,893539,0.00973,14.23,20.23,29.22,2.264,0.003884,0.834,0,0,0.0000,0.2.0
Glutaric acidemia type 1,25,GCDH,LBY,Libya,123029,0.02233,3.90,5.72,8.41,4.647,0.003846,0.922,0,0,0.0000,0.2.0
Glutaric acidemia type 1,25,GCDH,EGY,Egypt,2475625,0.01293,44.88,68.99,105.29,2.787,0.003761,0.874,7,0,1.8989,0.2.0
Glutaric acidemia type 1,25,GCDH,SDN,Sudan,1704644,0.03041,104.27,128.37,162.23,7.530,0.004602,0.931,0,0,0.0000,0.2.0
Glutaric acidemia type 1,25,GCDH,SAU,Saudi Arabia,609879,0.02417,14.13,26.05,44.74,4.272,0.003317,0.937,5,0,3.5920,0.2.0
Glutaric acidemia type 1,25,GCDH,YEM,Yemen,1435309,0.02207,38.55,61.08,95.26,4.256,0.003568,0.927,0,0,0.0000,0.2.0
Glutaric acidemia type 1,25,GCDH,JOR,Jordan,235621,0.02096,4.66,8.82,15.74,3.745,0.003334,0.927,0,0,0.0000,0.2.0
Glutaric acidemia type 1,25,GCDH,IRQ,Iraq,1202791,0.02289,27.01,49.45,82.33,4.111,0.003352,0.933,0,0,0.0000,0.2.0
Glutaric acidemia type 1,25,GCDH,PAK,Pakistan,6996078,0.03236,453.51,516.27,583.70,7.379,0.004285,0.940,2,0,0.0725,0.2.0
Glutaric acidemia type 1,25,GCDH,IRN,Iran,1161783,0.01911,34.60,46.22,62.87,3.978,0.003787,0.911,5,0,2.0246,0.2.0
Glutaric acidemia type 1,25,GCDH,TUR,Turkey,944664,0.01182,23.28,27.70,34.02,2.932,0.004211,0.850,7,0,4.7296,0.2.0
Glutaric acidemia type 1,25,GCDH,IND,India,23394035,0.00385,246.59,299.14,363.04,1.279,0.004267,0.644,22,0,1.3764,0.2.0
Glutaric acidemia type 1,25,GCDH,FRA,France,666587,0.00025,3.83,4.22,4.65,0.633,0.004777,0.096,2,0,8.8654,0.2.0
Glutaric acidemia type 1,25,GCDH,DEU,Germany,676279,0.00025,3.90,4.29,4.71,0.634,0.004778,0.095,11,0,48.0077,0.2.0
Glutaric acidemia type 1,25,GCDH,GBR,United Kingdom,687365,0.00024,3.98,4.37,4.79,0.635,0.004791,0.093,0,0,0.0000,0.2.0
Glutaric acidemia type 1,25,GCDH,USA,United States,3622919,0.00025,19.61,21.78,24.19,0.601,0.004645,0.098,9,1,7.7346,0.2.0
Propionic acidemia,35,PCCA/PCCB,TUN,Tunisia,165100,0.01414,2.73,3.86,5.55,2.339,0.003124,0.901,1,0,3.7770,0.2.0
Propionic acidemia,35,PCCA/PCCB,MAR,Morocco,630341,0.00811,6.31,8.79,12.67,1.395,0.003109,0.840,0,0,0.0000,0.2.0
Propionic acidemia,35,PCCA/PCCB,DZA,Algeria,893539,0.00973,10.60,14.65,21.27,1.640,0.003098,0.863,0,0,0.0000,0.2.0
Propionic acidemia,35,PCCA/PCCB,LBY,Libya,123029,0.02233,3.01,4.34,6.40,3.531,0.003047,0.937,0,0,0.0000,0.2.0
Propionic acidemia,35,PCCA/PCCB,EGY,Egypt,2475625,0.01293,31.39,48.73,75.20,1.968,0.002888,0.901,3,0,0.8980,0.2.0
Propionic acidemia,35,PCCA/PCCB,SDN,Sudan,1704644,0.03041,93.03,112.32,138.32,6.589,0.004177,0.937,0,0,0.0000,0.2.0
Propionic acidemia,35,PCCA/PCCB,SAU,Saudi Arabia,609879,0.02417,8.01,16.73,30.77,2.743,0.002238,0.957,13,2,11.3331,0.2.0
Propionic acidemia,35,PCCA/PCCB,YEM,Yemen,1435309,0.02207,25.84,43.17,69.56,3.008,0.002637,0.945,0,0,0.0000,0.2.0
Propionic acidemia,35,PCCA/PCCB,JOR,Jordan,235621,0.02096,2.63,5.66,10.59,2.402,0.002251,0.950,0,0,0.0000,0.2.0
Propionic acidemia,35,PCCA/PCCB,IRQ,Iraq,1202791,0.02289,15.40,31.36,57.34,2.608,0.002219,0.955,0,0,0.0000,0.2.0
Propionic acidemia,35,PCCA/PCCB,PAK,Pakistan,6996078,0.03236,329.47,380.41,436.49,5.438,0.003267,0.953,2,0,0.0767,0.2.0
Propionic acidemia,35,PCCA/PCCB,IRN,Iran,1161783,0.01911,23.99,32.18,44.69,2.770,0.002792,0.933,2,0,0.9066,0.2.0
Propionic acidemia,35,PCCA/PCCB,TUR,Turkey,944664,0.01182,19.36,22.40,27.02,2.371,0.003684,0.866,5,0,3.2556,0.2.0
Propionic acidemia,35,PCCA/PCCB,IND,India,23394035,0.00385,146.45,183.63,226.15,0.785,0.003275,0.702,6,0,0.4766,0.2.0
Propionic acidemia,35,PCCA/PCCB,FRA,France,666587,0.00025,2.28,2.61,2.96,0.391,0.004629,0.098,4,4,22.3731,0.2.0
Propionic acidemia,35,PCCA/PCCB,DEU,Germany,676279,0.00025,2.32,2.64,3.00,0.391,0.004630,0.098,10,1,55.1599,0.2.0
Propionic acidemia,35,PCCA/PCCB,GBR,United Kingdom,687365,0.00024,2.26,2.58,2.95,0.376,0.004609,0.096,3,4,16.9308,0.2.0
Propionic acidemia,35,PCCA/PCCB,USA,United States,3622919,0.00025,15.27,17.41,19.74,0.481,0.005367,0.086,15,7,12.5645,0.2.0
Methylmalonic acidemia (MMUT),27,MMUT,TUN,Tunisia,165100,0.01414,4.18,6.14,9.06,3.720,0.004563,0.862,2,0,7.6182,0.2.0
Methylmalonic acidemia (MMUT),27,MMUT,MAR,Morocco,630341,0.00811,10.05,14.95,22.25,2.372,0.004565,0.781,1,0,1.5646,0.2.0
Methylmalonic acidemia (MMUT),27,MMUT,DZA,Algeria,893539,0.00973,16.41,24.33,35.67,2.723,0.004540,0.812,0,0,0.0000,0.2.0
Methylmalonic acidemia (MMUT),27,MMUT,LBY,Libya,123029,0.02233,4.83,7.12,10.49,5.787,0.004707,0.906,0,0,0.0000,0.2.0
Methylmalonic acidemia (MMUT),27,MMUT,EGY,Egypt,2475625,0.01293,57.90,89.89,137.87,3.631,0.004757,0.845,4,0,1.0409,0.2.0
Methylmalonic acidemia (MMUT),27,MMUT,SDN,Sudan,1704644,0.03041,102.96,131.09,168.45,7.690,0.004709,0.930,0,0,0.0000,0.2.0
Methylmalonic acidemia (MMUT),27,MMUT,SAU,Saudi Arabia,609879,0.02417,24.23,40.11,64.09,6.576,0.004980,0.908,8,0,4.6662,0.2.0
Methylmalonic acidemia (MMUT),27,MMUT,YEM,Yemen,1435309,0.02207,54.75,86.51,129.88,6.027,0.004912,0.902,0,0,0.0000,0.2.0
Methylmalonic acidemia (MMUT),27,MMUT,JOR,Jordan,235621,0.02096,8.06,13.66,21.99,5.799,0.004965,0.895,1,0,1.7121,0.2.0
Methylmalonic acidemia (MMUT),27,MMUT,IRQ,Iraq,1202791,0.02289,45.73,76.68,116.38,6.375,0.005007,0.904,0,0,0.0000,0.2.0
Methylmalonic acidemia (MMUT),27,MMUT,PAK,Pakistan,6996078,0.03236,698.13,779.61,868.15,11.144,0.006280,0.914,5,0,0.1500,0.2.0
Methylmalonic acidemia (MMUT),27,MMUT,IRN,Iran,1161783,0.01911,50.22,65.26,86.52,5.618,0.005175,0.882,13,0,4.6596,0.2.0
Methylmalonic acidemia (MMUT),27,MMUT,TUR,Turkey,944664,0.01182,19.48,24.78,32.22,2.624,0.003818,0.862,6,0,5.6631,0.2.0
Methylmalonic acidemia (MMUT),27,MMUT,IND,India,23394035,0.00385,433.29,514.80,606.46,2.201,0.006267,0.552,11,0,0.4998,0.2.0
Methylmalonic acidemia (MMUT),27,MMUT,FRA,France,666587,0.00025,1.59,1.82,2.07,0.274,0.003062,0.141,8,2,102.6152,0.2.0
Methylmalonic acidemia (MMUT),27,MMUT,DEU,Germany,676279,0.00025,1.62,1.86,2.11,0.274,0.003063,0.141,7,1,88.2595,0.2.0
Methylmalonic acidemia (MMUT),27,MMUT,GBR,United Kingdom,687365,0.00024,1.92,2.17,2.45,0.315,0.003310,0.128,2,3,21.5925,0.2.0
Methylmalonic acidemia (MMUT),27,MMUT,USA,United States,3622919,0.00025,12.35,14.02,15.84,0.387,0.003683,0.121,13,4,21.6871,0.2.0
Primary hyperoxaluria type 1,93598,AGXT,TUN,Tunisia,165100,0.01414,3.97,5.88,8.65,3.564,0.004387,0.867,25,1,39.9208,0.2.0
Primary hyperoxaluria type 1,93598,AGXT,MAR,Morocco,630341,0.00811,9.43,14.14,21.08,2.244,0.004355,0.789,6,1,3.9858,0.2.0
Primary hyperoxaluria type 1,93598,AGXT,DZA,Algeria,893539,0.00973,15.46,23.20,34.38,2.596,0.004362,0.818,0,0,0.0000,0.2.0
Primary hyperoxaluria type 1,93598,AGXT,LBY,Libya,123029,0.02233,4.23,6.44,9.50,5.238,0.004271,0.914,1,0,1.4578,0.2.0
Primary hyperoxaluria type 1,93598,AGXT,EGY,Egypt,2475625,0.01293,51.94,82.90,127.67,3.349,0.004415,0.855,3,0,0.3400,0.2.0
Primary hyperoxaluria type 1,93598,AGXT,SDN,Sudan,1704644,0.03041,70.69,96.80,132.32,5.679,0.003541,0.946,0,0,0.0000,0.2.0
Primary hyperoxaluria type 1,93598,AGXT,SAU,Saudi Arabia,609879,0.02417,22.26,38.01,61.53,6.233,0.004699,0.913,6,0,1.4829,0.2.0
Primary hyperoxaluria type 1,93598,AGXT,YEM,Yemen,1435309,0.02207,49.50,77.26,119.48,5.383,0.004435,0.910,0,0,0.0000,0.2.0
Primary hyperoxaluria type 1,93598,AGXT,JOR,Jordan,235621,0.02096,7.36,12.72,20.68,5.397,0.004683,0.901,2,0,1.4776,0.2.0
Primary hyperoxaluria type 1,93598,AGXT,IRQ,Iraq,1202791,0.02289,42.75,70.57,112.10,5.867,0.004636,0.910,0,0,0.0000,0.2.0
Primary hyperoxaluria type 1,93598,AGXT,PAK,Pakistan,6996078,0.03236,353.40,407.35,469.65,5.823,0.003419,0.951,8,0,0.1845,0.2.0
Primary hyperoxaluria type 1,93598,AGXT,IRN,Iran,1161783,0.01911,38.95,52.88,71.59,4.552,0.004282,0.901,8,0,1.4213,0.2.0
Primary hyperoxaluria type 1,93598,AGXT,TUR,Turkey,944664,0.01182,24.44,29.72,37.18,3.146,0.004470,0.842,6,0,1.8967,0.2.0
Primary hyperoxaluria type 1,93598,AGXT,IND,India,23394035,0.00385,181.08,223.88,274.86,0.957,0.003436,0.692,12,0,0.5036,0.2.0
Primary hyperoxaluria type 1,93598,AGXT,FRA,France,666587,0.00025,3.17,3.52,3.90,0.528,0.004341,0.104,15,3,40.0355,0.2.0
Primary hyperoxaluria type 1,93598,AGXT,DEU,Germany,676279,0.00025,3.23,3.57,3.96,0.528,0.004342,0.104,5,2,13.1547,0.2.0
Primary hyperoxaluria type 1,93598,AGXT,GBR,United Kingdom,687365,0.00024,3.08,3.41,3.78,0.496,0.004207,0.104,1,3,2.7538,0.2.0
Primary hyperoxaluria type 1,93598,AGXT,USA,United States,3622919,0.00025,11.25,12.72,14.37,0.351,0.003496,0.126,26,8,19.2086,0.2.0
GJB2-related deafness (DFNB1),90636,GJB2,TUN,Tunisia,165100,0.01414,23.87,30.01,37.67,18.175,0.016233,0.636,18,0,10.5875,0.2.0
GJB2-related deafness (DFNB1),90636,GJB2,MAR,Morocco,630341,0.00811,66.16,83.56,105.58,13.256,0.016218,0.499,20,0,4.2246,0.2.0
GJB2-related deafness (DFNB1),90636,GJB2,DZA,Algeria,893539,0.00973,104.62,130.82,164.64,14.641,0.016260,0.544,9,0,1.2143,0.2.0
GJB2-related deafness (DFNB1),90636,GJB2,LBY,Libya,123029,0.02233,21.70,27.93,35.50,22.701,0.015118,0.750,1,0,0.6320,0.2.0
GJB2-related deafness (DFNB1),90636,GJB2,EGY,Egypt,2475625,0.01293,297.45,393.15,512.60,15.881,0.015338,0.630,9,0,0.4040,0.2.0
GJB2-related deafness (DFNB1),90636,GJB2,SDN,Sudan,1704644,0.03041,326.34,388.50,465.22,22.791,0.012433,0.833,2,0,0.0909,0.2.0
GJB2-related deafness (DFNB1),90636,GJB2,SAU,Saudi Arabia,609879,0.02417,100.96,142.61,197.62,23.384,0.014771,0.768,7,0,0.8663,0.2.0
GJB2-related deafness (DFNB1),90636,GJB2,YEM,Yemen,1435309,0.02207,227.57,302.60,400.49,21.083,0.014367,0.757,0,0,0.0000,0.2.0
GJB2-related deafness (DFNB1),90636,GJB2,JOR,Jordan,235621,0.02096,34.33,49.90,69.45,21.177,0.014841,0.740,4,0,1.4149,0.2.0
GJB2-related deafness (DFNB1),90636,GJB2,IRQ,Iraq,1202791,0.02289,196.74,270.45,364.68,22.485,0.014778,0.758,5,0,0.3263,0.2.0
GJB2-related deafness (DFNB1),90636,GJB2,PAK,Pakistan,6996078,0.03236,2353.29,2539.80,2731.90,36.303,0.017598,0.790,37,0,0.2571,0.2.0
GJB2-related deafness (DFNB1),90636,GJB2,IRN,Iran,1161783,0.01911,226.08,266.75,316.53,22.960,0.016652,0.699,118,0,7.8077,0.2.0
GJB2-related deafness (DFNB1),90636,GJB2,TUR,Turkey,944664,0.01182,195.81,216.68,241.15,22.937,0.020555,0.535,45,0,3.6655,0.2.0
GJB2-related deafness (DFNB1),90636,GJB2,IND,India,23394035,0.00385,2354.01,2632.45,2953.30,11.253,0.017571,0.304,54,0,0.3621,0.2.0
GJB2-related deafness (DFNB1),90636,GJB2,FRA,France,666587,0.00025,100.17,103.36,106.64,15.506,0.024349,0.020,22,2,3.7567,0.2.0
GJB2-related deafness (DFNB1),90636,GJB2,DEU,Germany,676279,0.00025,101.75,104.89,108.18,15.510,0.024355,0.020,17,0,2.8607,0.2.0
GJB2-related deafness (DFNB1),90636,GJB2,GBR,United Kingdom,687365,0.00024,95.26,98.23,101.24,14.291,0.023382,0.020,10,0,1.7968,0.2.0
GJB2-related deafness (DFNB1),90636,GJB2,USA,United States,3622919,0.00025,512.54,531.47,551.78,14.670,0.023686,0.021,93,2,3.0885,0.2.0
